{"Percent_Pop_Bolsa":{"AC":11.4799131542,"AL":12.8037163377,"AM":10.6335162056,"AP":9.4042222917,"BA":13.0699203904,"CE":12.4536831259,"DF":3.1412080471,"ES":5.1808423901,"GO":5.3689471015,"MA":14.7702408168,"MG":5.5465928095,"MS":5.6077532691,"MT":5.7127394247,"PA":11.9862104739,"PB":13.9074087151,"PE":12.8541596938,"PI":14.5595644779,"PR":3.704557291,"RJ":5.0544646562,"RN":11.1744361742,"RO":6.3769263845,"RR":11.13674492,"RS":3.7560263482,"SC":1.9987576968,"SE":13.1695801465,"SP":3.4921565319,"TO":9.7841415646}}